DATAFLOW,LAST UPDATE,freq,unit,geo,TIME_PERIOD,OBS_VALUE,OBS_FLAG
ESTAT:CRIM_HIST$DEFAULTVIEW(1.0),26/02/15 23:00:00,A,NR,AT,1991,468832,
ESTAT:CRIM_HIST$DEFAULTVIEW(1.0),26/02/15 23:00:00,A,NR,AT,1992,502440,
ESTAT:CRIM_HIST$DEFAULTVIEW(1.0),26/02/15 23:00:00,A,NR,AT,1993,493786,
ESTAT:CRIM_HIST$DEFAULTVIEW(1.0),26/02/15 23:00:00,A,NR,AT,1994,504568,
ESTAT:CRIM_HIST$DEFAULTVIEW(1.0),26/02/15 23:00:00,A,NR,AT,1995,486433,
ESTAT:CRIM_HIST$DEFAULTVIEW(1.0),26/02/15 23:00:00,A,NR,AT,1996,485450,
ESTAT:CRIM_HIST$DEFAULTVIEW(1.0),26/02/15 23:00:00,A,NR,AT,1997,481549,
ESTAT:CRIM_HIST$DEFAULTVIEW(1.0),26/02/15 23:00:00,A,NR,AT,1998,479859,
ESTAT:CRIM_HIST$DEFAULTVIEW(1.0),26/02/15 23:00:00,A,NR,AT,1999,493246,
ESTAT:CRIM_HIST$DEFAULTVIEW(1.0),26/02/15 23:00:00,A,NR,AT,2000,560306,
ESTAT:CRIM_HIST$DEFAULTVIEW(1.0),26/02/15 23:00:00,A,NR,BE,2000,1002660,
ESTAT:CRIM_HIST$DEFAULTVIEW(1.0),26/02/15 23:00:00,A,NR,BG,1995,196346,
ESTAT:CRIM_HIST$DEFAULTVIEW(1.0),26/02/15 23:00:00,A,NR,BG,1996,184975,
ESTAT:CRIM_HIST$DEFAULTVIEW(1.0),26/02/15 23:00:00,A,NR,BG,1997,228219,
ESTAT:CRIM_HIST$DEFAULTVIEW(1.0),26/02/15 23:00:00,A,NR,BG,1998,159317,
ESTAT:CRIM_HIST$DEFAULTVIEW(1.0),26/02/15 23:00:00,A,NR,BG,1999,145035,
ESTAT:CRIM_HIST$DEFAULTVIEW(1.0),26/02/15 23:00:00,A,NR,BG,2000,148915,
ESTAT:CRIM_HIST$DEFAULTVIEW(1.0),26/02/15 23:00:00,A,NR,CH,1991,382661,
ESTAT:CRIM_HIST$DEFAULTVIEW(1.0),26/02/15 23:00:00,A,NR,CH,1992,374237,
ESTAT:CRIM_HIST$DEFAULTVIEW(1.0),26/02/15 23:00:00,A,NR,CH,1993,371740,
ESTAT:CRIM_HIST$DEFAULTVIEW(1.0),26/02/15 23:00:00,A,NR,CH,1994,358028,
ESTAT:CRIM_HIST$DEFAULTVIEW(1.0),26/02/15 23:00:00,A,NR,CH,1995,346634,
ESTAT:CRIM_HIST$DEFAULTVIEW(1.0),26/02/15 23:00:00,A,NR,CH,1996,356018,
ESTAT:CRIM_HIST$DEFAULTVIEW(1.0),26/02/15 23:00:00,A,NR,CH,1997,382769,
ESTAT:CRIM_HIST$DEFAULTVIEW(1.0),26/02/15 23:00:00,A,NR,CH,1998,378045,
ESTAT:CRIM_HIST$DEFAULTVIEW(1.0),26/02/15 23:00:00,A,NR,CH,1999,355255,
ESTAT:CRIM_HIST$DEFAULTVIEW(1.0),26/02/15 23:00:00,A,NR,CH,2000,317335,
ESTAT:CRIM_HIST$DEFAULTVIEW(1.0),26/02/15 23:00:00,A,NR,CY,1991,3624,
ESTAT:CRIM_HIST$DEFAULTVIEW(1.0),26/02/15 23:00:00,A,NR,CY,1992,3808,
ESTAT:CRIM_HIST$DEFAULTVIEW(1.0),26/02/15 23:00:00,A,NR,CY,1993,4300,
ESTAT:CRIM_HIST$DEFAULTVIEW(1.0),26/02/15 23:00:00,A,NR,CY,1994,4304,
ESTAT:CRIM_HIST$DEFAULTVIEW(1.0),26/02/15 23:00:00,A,NR,CY,1995,4033,
ESTAT:CRIM_HIST$DEFAULTVIEW(1.0),26/02/15 23:00:00,A,NR,CY,1996,4529,
ESTAT:CRIM_HIST$DEFAULTVIEW(1.0),26/02/15 23:00:00,A,NR,CY,1997,3910,
ESTAT:CRIM_HIST$DEFAULTVIEW(1.0),26/02/15 23:00:00,A,NR,CY,1998,4316,
ESTAT:CRIM_HIST$DEFAULTVIEW(1.0),26/02/15 23:00:00,A,NR,CY,1999,4212,
ESTAT:CRIM_HIST$DEFAULTVIEW(1.0),26/02/15 23:00:00,A,NR,CY,2000,4340,
ESTAT:CRIM_HIST$DEFAULTVIEW(1.0),26/02/15 23:00:00,A,NR,CZ,1991,282998,
ESTAT:CRIM_HIST$DEFAULTVIEW(1.0),26/02/15 23:00:00,A,NR,CZ,1992,345205,
ESTAT:CRIM_HIST$DEFAULTVIEW(1.0),26/02/15 23:00:00,A,NR,CZ,1993,398505,
ESTAT:CRIM_HIST$DEFAULTVIEW(1.0),26/02/15 23:00:00,A,NR,CZ,1994,372427,
ESTAT:CRIM_HIST$DEFAULTVIEW(1.0),26/02/15 23:00:00,A,NR,CZ,1995,375630,
ESTAT:CRIM_HIST$DEFAULTVIEW(1.0),26/02/15 23:00:00,A,NR,CZ,1996,394267,
ESTAT:CRIM_HIST$DEFAULTVIEW(1.0),26/02/15 23:00:00,A,NR,CZ,1997,403654,
ESTAT:CRIM_HIST$DEFAULTVIEW(1.0),26/02/15 23:00:00,A,NR,CZ,1998,425930,
ESTAT:CRIM_HIST$DEFAULTVIEW(1.0),26/02/15 23:00:00,A,NR,CZ,1999,426626,
ESTAT:CRIM_HIST$DEFAULTVIEW(1.0),26/02/15 23:00:00,A,NR,CZ,2000,391469,
ESTAT:CRIM_HIST$DEFAULTVIEW(1.0),26/02/15 23:00:00,A,NR,DE,1991,5302796,
ESTAT:CRIM_HIST$DEFAULTVIEW(1.0),26/02/15 23:00:00,A,NR,DE,1992,6291519,
ESTAT:CRIM_HIST$DEFAULTVIEW(1.0),26/02/15 23:00:00,A,NR,DE,1993,6750613,
ESTAT:CRIM_HIST$DEFAULTVIEW(1.0),26/02/15 23:00:00,A,NR,DE,1994,6537748,
ESTAT:CRIM_HIST$DEFAULTVIEW(1.0),26/02/15 23:00:00,A,NR,DE,1995,6668717,
ESTAT:CRIM_HIST$DEFAULTVIEW(1.0),26/02/15 23:00:00,A,NR,DE,1996,6647598,
ESTAT:CRIM_HIST$DEFAULTVIEW(1.0),26/02/15 23:00:00,A,NR,DE,1997,6586165,
ESTAT:CRIM_HIST$DEFAULTVIEW(1.0),26/02/15 23:00:00,A,NR,DE,1998,6456996,
ESTAT:CRIM_HIST$DEFAULTVIEW(1.0),26/02/15 23:00:00,A,NR,DE,1999,6302316,
ESTAT:CRIM_HIST$DEFAULTVIEW(1.0),26/02/15 23:00:00,A,NR,DE,2000,6264723,
ESTAT:CRIM_HIST$DEFAULTVIEW(1.0),26/02/15 23:00:00,A,NR,DK,1991,519775,
ESTAT:CRIM_HIST$DEFAULTVIEW(1.0),26/02/15 23:00:00,A,NR,DK,1992,536821,
ESTAT:CRIM_HIST$DEFAULTVIEW(1.0),26/02/15 23:00:00,A,NR,DK,1993,546894,
ESTAT:CRIM_HIST$DEFAULTVIEW(1.0),26/02/15 23:00:00,A,NR,DK,1994,546926,
ESTAT:CRIM_HIST$DEFAULTVIEW(1.0),26/02/15 23:00:00,A,NR,DK,1995,538963,
ESTAT:CRIM_HIST$DEFAULTVIEW(1.0),26/02/15 23:00:00,A,NR,DK,1996,528488,
ESTAT:CRIM_HIST$DEFAULTVIEW(1.0),26/02/15 23:00:00,A,NR,DK,1997,531102,
ESTAT:CRIM_HIST$DEFAULTVIEW(1.0),26/02/15 23:00:00,A,NR,DK,1998,499167,
ESTAT:CRIM_HIST$DEFAULTVIEW(1.0),26/02/15 23:00:00,A,NR,DK,1999,494191,
ESTAT:CRIM_HIST$DEFAULTVIEW(1.0),26/02/15 23:00:00,A,NR,DK,2000,504231,
ESTAT:CRIM_HIST$DEFAULTVIEW(1.0),26/02/15 23:00:00,A,NR,EE,1991,31748,
ESTAT:CRIM_HIST$DEFAULTVIEW(1.0),26/02/15 23:00:00,A,NR,EE,1992,41254,
ESTAT:CRIM_HIST$DEFAULTVIEW(1.0),26/02/15 23:00:00,A,NR,EE,1993,37163,
ESTAT:CRIM_HIST$DEFAULTVIEW(1.0),26/02/15 23:00:00,A,NR,EE,1994,35739,
ESTAT:CRIM_HIST$DEFAULTVIEW(1.0),26/02/15 23:00:00,A,NR,EE,1995,39570,
ESTAT:CRIM_HIST$DEFAULTVIEW(1.0),26/02/15 23:00:00,A,NR,EE,1996,35411,
ESTAT:CRIM_HIST$DEFAULTVIEW(1.0),26/02/15 23:00:00,A,NR,EE,1997,40972,
ESTAT:CRIM_HIST$DEFAULTVIEW(1.0),26/02/15 23:00:00,A,NR,EE,1998,45721,
ESTAT:CRIM_HIST$DEFAULTVIEW(1.0),26/02/15 23:00:00,A,NR,EE,1999,51539,
ESTAT:CRIM_HIST$DEFAULTVIEW(1.0),26/02/15 23:00:00,A,NR,EE,2000,57799,
ESTAT:CRIM_HIST$DEFAULTVIEW(1.0),26/02/15 23:00:00,A,NR,EL,1991,358998,
ESTAT:CRIM_HIST$DEFAULTVIEW(1.0),26/02/15 23:00:00,A,NR,EL,1992,379652,
ESTAT:CRIM_HIST$DEFAULTVIEW(1.0),26/02/15 23:00:00,A,NR,EL,1993,358503,
ESTAT:CRIM_HIST$DEFAULTVIEW(1.0),26/02/15 23:00:00,A,NR,EL,1994,303311,
ESTAT:CRIM_HIST$DEFAULTVIEW(1.0),26/02/15 23:00:00,A,NR,EL,1995,329110,
ESTAT:CRIM_HIST$DEFAULTVIEW(1.0),26/02/15 23:00:00,A,NR,EL,1996,349476,
ESTAT:CRIM_HIST$DEFAULTVIEW(1.0),26/02/15 23:00:00,A,NR,EL,1997,377749,
ESTAT:CRIM_HIST$DEFAULTVIEW(1.0),26/02/15 23:00:00,A,NR,EL,1998,385681,
ESTAT:CRIM_HIST$DEFAULTVIEW(1.0),26/02/15 23:00:00,A,NR,EL,1999,373680,
ESTAT:CRIM_HIST$DEFAULTVIEW(1.0),26/02/15 23:00:00,A,NR,EL,2000,369137,
ESTAT:CRIM_HIST$DEFAULTVIEW(1.0),26/02/15 23:00:00,A,NR,ES,1991,1530026,
ESTAT:CRIM_HIST$DEFAULTVIEW(1.0),26/02/15 23:00:00,A,NR,ES,1992,1481117,
ESTAT:CRIM_HIST$DEFAULTVIEW(1.0),26/02/15 23:00:00,A,NR,ES,1993,1544975,
ESTAT:CRIM_HIST$DEFAULTVIEW(1.0),26/02/15 23:00:00,A,NR,ES,1994,1604190,
ESTAT:CRIM_HIST$DEFAULTVIEW(1.0),26/02/15 23:00:00,A,NR,ES,1995,1659026,
ESTAT:CRIM_HIST$DEFAULTVIEW(1.0),26/02/15 23:00:00,A,NR,ES,1996,1770019,
ESTAT:CRIM_HIST$DEFAULTVIEW(1.0),26/02/15 23:00:00,A,NR,ES,1997,1823330,
ESTAT:CRIM_HIST$DEFAULTVIEW(1.0),26/02/15 23:00:00,A,NR,ES,1998,1865572,
ESTAT:CRIM_HIST$DEFAULTVIEW(1.0),26/02/15 23:00:00,A,NR,ES,1999,1895983,
ESTAT:CRIM_HIST$DEFAULTVIEW(1.0),26/02/15 23:00:00,A,NR,ES,2000,1852858,
ESTAT:CRIM_HIST$DEFAULTVIEW(1.0),26/02/15 23:00:00,A,NR,FI,1991,446129,
ESTAT:CRIM_HIST$DEFAULTVIEW(1.0),26/02/15 23:00:00,A,NR,FI,1992,447785,
ESTAT:CRIM_HIST$DEFAULTVIEW(1.0),26/02/15 23:00:00,A,NR,FI,1993,433783,
ESTAT:CRIM_HIST$DEFAULTVIEW(1.0),26/02/15 23:00:00,A,NR,FI,1994,426371,
ESTAT:CRIM_HIST$DEFAULTVIEW(1.0),26/02/15 23:00:00,A,NR,FI,1995,422246,
ESTAT:CRIM_HIST$DEFAULTVIEW(1.0),26/02/15 23:00:00,A,NR,FI,1996,416181,
ESTAT:CRIM_HIST$DEFAULTVIEW(1.0),26/02/15 23:00:00,A,NR,FI,1997,412188,
ESTAT:CRIM_HIST$DEFAULTVIEW(1.0),26/02/15 23:00:00,A,NR,FI,1998,423794,
ESTAT:CRIM_HIST$DEFAULTVIEW(1.0),26/02/15 23:00:00,A,NR,FI,1999,436552,
ESTAT:CRIM_HIST$DEFAULTVIEW(1.0),26/02/15 23:00:00,A,NR,FI,2000,453056,
ESTAT:CRIM_HIST$DEFAULTVIEW(1.0),26/02/15 23:00:00,A,NR,FR,1999,3567864,
ESTAT:CRIM_HIST$DEFAULTVIEW(1.0),26/02/15 23:00:00,A,NR,FR,2000,3771849,
ESTAT:CRIM_HIST$DEFAULTVIEW(1.0),26/02/15 23:00:00,A,NR,FX,1991,3744112,
ESTAT:CRIM_HIST$DEFAULTVIEW(1.0),26/02/15 23:00:00,A,NR,FX,1992,3830996,
ESTAT:CRIM_HIST$DEFAULTVIEW(1.0),26/02/15 23:00:00,A,NR,FX,1993,3881894,
ESTAT:CRIM_HIST$DEFAULTVIEW(1.0),26/02/15 23:00:00,A,NR,FX,1994,3919008,
ESTAT:CRIM_HIST$DEFAULTVIEW(1.0),26/02/15 23:00:00,A,NR,FX,1995,3665320,
ESTAT:CRIM_HIST$DEFAULTVIEW(1.0),26/02/15 23:00:00,A,NR,FX,1996,3559617,
ESTAT:CRIM_HIST$DEFAULTVIEW(1.0),26/02/15 23:00:00,A,NR,FX,1997,3493442,
ESTAT:CRIM_HIST$DEFAULTVIEW(1.0),26/02/15 23:00:00,A,NR,FX,1998,3565525,
ESTAT:CRIM_HIST$DEFAULTVIEW(1.0),26/02/15 23:00:00,A,NR,FX,1999,3567864,
ESTAT:CRIM_HIST$DEFAULTVIEW(1.0),26/02/15 23:00:00,A,NR,FX,2000,3771849,
ESTAT:CRIM_HIST$DEFAULTVIEW(1.0),26/02/15 23:00:00,A,NR,HR,1991,64294,
ESTAT:CRIM_HIST$DEFAULTVIEW(1.0),26/02/15 23:00:00,A,NR,HR,1992,91712,
ESTAT:CRIM_HIST$DEFAULTVIEW(1.0),26/02/15 23:00:00,A,NR,HR,1993,77280,
ESTAT:CRIM_HIST$DEFAULTVIEW(1.0),26/02/15 23:00:00,A,NR,HR,1994,64051,
ESTAT:CRIM_HIST$DEFAULTVIEW(1.0),26/02/15 23:00:00,A,NR,HR,1995,63015,
ESTAT:CRIM_HIST$DEFAULTVIEW(1.0),26/02/15 23:00:00,A,NR,HR,1996,58364,
ESTAT:CRIM_HIST$DEFAULTVIEW(1.0),26/02/15 23:00:00,A,NR,HR,1997,55085,
ESTAT:CRIM_HIST$DEFAULTVIEW(1.0),26/02/15 23:00:00,A,NR,HR,1998,56015,
ESTAT:CRIM_HIST$DEFAULTVIEW(1.0),26/02/15 23:00:00,A,NR,HR,1999,58190,
ESTAT:CRIM_HIST$DEFAULTVIEW(1.0),26/02/15 23:00:00,A,NR,HR,2000,68378,
ESTAT:CRIM_HIST$DEFAULTVIEW(1.0),26/02/15 23:00:00,A,NR,HU,1991,440370,
ESTAT:CRIM_HIST$DEFAULTVIEW(1.0),26/02/15 23:00:00,A,NR,HU,1992,447215,
ESTAT:CRIM_HIST$DEFAULTVIEW(1.0),26/02/15 23:00:00,A,NR,HU,1993,400935,
ESTAT:CRIM_HIST$DEFAULTVIEW(1.0),26/02/15 23:00:00,A,NR,HU,1994,389451,
ESTAT:CRIM_HIST$DEFAULTVIEW(1.0),26/02/15 23:00:00,A,NR,HU,1995,502036,
ESTAT:CRIM_HIST$DEFAULTVIEW(1.0),26/02/15 23:00:00,A,NR,HU,1996,466050,
ESTAT:CRIM_HIST$DEFAULTVIEW(1.0),26/02/15 23:00:00,A,NR,HU,1997,514403,
ESTAT:CRIM_HIST$DEFAULTVIEW(1.0),26/02/15 23:00:00,A,NR,HU,1998,600621,
ESTAT:CRIM_HIST$DEFAULTVIEW(1.0),26/02/15 23:00:00,A,NR,HU,1999,505716,
ESTAT:CRIM_HIST$DEFAULTVIEW(1.0),26/02/15 23:00:00,A,NR,HU,2000,450673,
ESTAT:CRIM_HIST$DEFAULTVIEW(1.0),26/02/15 23:00:00,A,NR,IE,1991,94406,
ESTAT:CRIM_HIST$DEFAULTVIEW(1.0),26/02/15 23:00:00,A,NR,IE,1992,95391,
ESTAT:CRIM_HIST$DEFAULTVIEW(1.0),26/02/15 23:00:00,A,NR,IE,1993,98979,
ESTAT:CRIM_HIST$DEFAULTVIEW(1.0),26/02/15 23:00:00,A,NR,IE,1994,101036,
ESTAT:CRIM_HIST$DEFAULTVIEW(1.0),26/02/15 23:00:00,A,NR,IE,1995,102484,
ESTAT:CRIM_HIST$DEFAULTVIEW(1.0),26/02/15 23:00:00,A,NR,IE,1996,100785,
ESTAT:CRIM_HIST$DEFAULTVIEW(1.0),26/02/15 23:00:00,A,NR,IE,1997,90875,
ESTAT:CRIM_HIST$DEFAULTVIEW(1.0),26/02/15 23:00:00,A,NR,IE,1998,85627,
ESTAT:CRIM_HIST$DEFAULTVIEW(1.0),26/02/15 23:00:00,A,NR,IE,1999,81274,
ESTAT:CRIM_HIST$DEFAULTVIEW(1.0),26/02/15 23:00:00,A,NR,IE,2000,73276,
ESTAT:CRIM_HIST$DEFAULTVIEW(1.0),26/02/15 23:00:00,A,NR,IS,2000,18584,
ESTAT:CRIM_HIST$DEFAULTVIEW(1.0),26/02/15 23:00:00,A,NR,IT,1991,2647735,
ESTAT:CRIM_HIST$DEFAULTVIEW(1.0),26/02/15 23:00:00,A,NR,IT,1992,2390539,
ESTAT:CRIM_HIST$DEFAULTVIEW(1.0),26/02/15 23:00:00,A,NR,IT,1993,2259903,
ESTAT:CRIM_HIST$DEFAULTVIEW(1.0),26/02/15 23:00:00,A,NR,IT,1994,2173448,
ESTAT:CRIM_HIST$DEFAULTVIEW(1.0),26/02/15 23:00:00,A,NR,IT,1995,2267488,
ESTAT:CRIM_HIST$DEFAULTVIEW(1.0),26/02/15 23:00:00,A,NR,IT,1996,2422991,
ESTAT:CRIM_HIST$DEFAULTVIEW(1.0),26/02/15 23:00:00,A,NR,IT,1997,2440754,
ESTAT:CRIM_HIST$DEFAULTVIEW(1.0),26/02/15 23:00:00,A,NR,IT,1998,2425748,
ESTAT:CRIM_HIST$DEFAULTVIEW(1.0),26/02/15 23:00:00,A,NR,IT,1999,2373966,
ESTAT:CRIM_HIST$DEFAULTVIEW(1.0),26/02/15 23:00:00,A,NR,IT,2000,2205782,
ESTAT:CRIM_HIST$DEFAULTVIEW(1.0),26/02/15 23:00:00,A,NR,LI,1996,1002,
ESTAT:CRIM_HIST$DEFAULTVIEW(1.0),26/02/15 23:00:00,A,NR,LI,1997,869,
ESTAT:CRIM_HIST$DEFAULTVIEW(1.0),26/02/15 23:00:00,A,NR,LI,1998,858,
ESTAT:CRIM_HIST$DEFAULTVIEW(1.0),26/02/15 23:00:00,A,NR,LI,1999,795,
ESTAT:CRIM_HIST$DEFAULTVIEW(1.0),26/02/15 23:00:00,A,NR,LI,2000,898,
ESTAT:CRIM_HIST$DEFAULTVIEW(1.0),26/02/15 23:00:00,A,NR,LT,1991,44984,
ESTAT:CRIM_HIST$DEFAULTVIEW(1.0),26/02/15 23:00:00,A,NR,LT,1992,56615,
ESTAT:CRIM_HIST$DEFAULTVIEW(1.0),26/02/15 23:00:00,A,NR,LT,1993,60378,
ESTAT:CRIM_HIST$DEFAULTVIEW(1.0),26/02/15 23:00:00,A,NR,LT,1994,58364,
ESTAT:CRIM_HIST$DEFAULTVIEW(1.0),26/02/15 23:00:00,A,NR,LT,1995,60819,
ESTAT:CRIM_HIST$DEFAULTVIEW(1.0),26/02/15 23:00:00,A,NR,LT,1996,68053,
ESTAT:CRIM_HIST$DEFAULTVIEW(1.0),26/02/15 23:00:00,A,NR,LT,1997,75816,
ESTAT:CRIM_HIST$DEFAULTVIEW(1.0),26/02/15 23:00:00,A,NR,LT,1998,78149,
ESTAT:CRIM_HIST$DEFAULTVIEW(1.0),26/02/15 23:00:00,A,NR,LT,1999,77108,
ESTAT:CRIM_HIST$DEFAULTVIEW(1.0),26/02/15 23:00:00,A,NR,LT,2000,82370,
ESTAT:CRIM_HIST$DEFAULTVIEW(1.0),26/02/15 23:00:00,A,NR,LU,1991,25046,
ESTAT:CRIM_HIST$DEFAULTVIEW(1.0),26/02/15 23:00:00,A,NR,LU,1992,26746,
ESTAT:CRIM_HIST$DEFAULTVIEW(1.0),26/02/15 23:00:00,A,NR,LU,1993,28338,
ESTAT:CRIM_HIST$DEFAULTVIEW(1.0),26/02/15 23:00:00,A,NR,LU,1994,29166,
ESTAT:CRIM_HIST$DEFAULTVIEW(1.0),26/02/15 23:00:00,A,NR,LU,1995,28380,
ESTAT:CRIM_HIST$DEFAULTVIEW(1.0),26/02/15 23:00:00,A,NR,LU,1996,27566,
ESTAT:CRIM_HIST$DEFAULTVIEW(1.0),26/02/15 23:00:00,A,NR,LU,1997,24355,
ESTAT:CRIM_HIST$DEFAULTVIEW(1.0),26/02/15 23:00:00,A,NR,LU,1998,27155,
ESTAT:CRIM_HIST$DEFAULTVIEW(1.0),26/02/15 23:00:00,A,NR,LU,1999,26957,
ESTAT:CRIM_HIST$DEFAULTVIEW(1.0),26/02/15 23:00:00,A,NR,LU,2000,22816,
ESTAT:CRIM_HIST$DEFAULTVIEW(1.0),26/02/15 23:00:00,A,NR,LV,1995,39141,
ESTAT:CRIM_HIST$DEFAULTVIEW(1.0),26/02/15 23:00:00,A,NR,LV,1996,38205,
ESTAT:CRIM_HIST$DEFAULTVIEW(1.0),26/02/15 23:00:00,A,NR,LV,1997,36865,
ESTAT:CRIM_HIST$DEFAULTVIEW(1.0),26/02/15 23:00:00,A,NR,LV,1998,36674,
ESTAT:CRIM_HIST$DEFAULTVIEW(1.0),26/02/15 23:00:00,A,NR,LV,1999,43969,
ESTAT:CRIM_HIST$DEFAULTVIEW(1.0),26/02/15 23:00:00,A,NR,LV,2000,50199,
ESTAT:CRIM_HIST$DEFAULTVIEW(1.0),26/02/15 23:00:00,A,NR,MK,2000,19814,
ESTAT:CRIM_HIST$DEFAULTVIEW(1.0),26/02/15 23:00:00,A,NR,MT,1998,14793,
ESTAT:CRIM_HIST$DEFAULTVIEW(1.0),26/02/15 23:00:00,A,NR,MT,1999,16031,
ESTAT:CRIM_HIST$DEFAULTVIEW(1.0),26/02/15 23:00:00,A,NR,MT,2000,17016,
ESTAT:CRIM_HIST$DEFAULTVIEW(1.0),26/02/15 23:00:00,A,NR,NL,1991,1181800,
ESTAT:CRIM_HIST$DEFAULTVIEW(1.0),26/02/15 23:00:00,A,NR,NL,1992,1268500,
ESTAT:CRIM_HIST$DEFAULTVIEW(1.0),26/02/15 23:00:00,A,NR,NL,1993,1272500,
ESTAT:CRIM_HIST$DEFAULTVIEW(1.0),26/02/15 23:00:00,A,NR,NL,1994,1313600,
ESTAT:CRIM_HIST$DEFAULTVIEW(1.0),26/02/15 23:00:00,A,NR,NL,1995,1226700,
ESTAT:CRIM_HIST$DEFAULTVIEW(1.0),26/02/15 23:00:00,A,NR,NL,1996,1186512,
ESTAT:CRIM_HIST$DEFAULTVIEW(1.0),26/02/15 23:00:00,A,NR,NL,1997,1219935,
ESTAT:CRIM_HIST$DEFAULTVIEW(1.0),26/02/15 23:00:00,A,NR,NL,1998,1234900,
ESTAT:CRIM_HIST$DEFAULTVIEW(1.0),26/02/15 23:00:00,A,NR,NL,1999,1303446,
ESTAT:CRIM_HIST$DEFAULTVIEW(1.0),26/02/15 23:00:00,A,NR,NL,2000,1328909,
ESTAT:CRIM_HIST$DEFAULTVIEW(1.0),26/02/15 23:00:00,A,NR,NO,1991,223122,
ESTAT:CRIM_HIST$DEFAULTVIEW(1.0),26/02/15 23:00:00,A,NR,NO,1992,234904,
ESTAT:CRIM_HIST$DEFAULTVIEW(1.0),26/02/15 23:00:00,A,NR,NO,1993,230180,
ESTAT:CRIM_HIST$DEFAULTVIEW(1.0),26/02/15 23:00:00,A,NR,NO,1994,234941,
ESTAT:CRIM_HIST$DEFAULTVIEW(1.0),26/02/15 23:00:00,A,NR,NO,1995,267925,
ESTAT:CRIM_HIST$DEFAULTVIEW(1.0),26/02/15 23:00:00,A,NR,NO,1996,271205,
ESTAT:CRIM_HIST$DEFAULTVIEW(1.0),26/02/15 23:00:00,A,NR,NO,1997,284695,
ESTAT:CRIM_HIST$DEFAULTVIEW(1.0),26/02/15 23:00:00,A,NR,NO,1998,293799,
ESTAT:CRIM_HIST$DEFAULTVIEW(1.0),26/02/15 23:00:00,A,NR,NO,1999,291924,
ESTAT:CRIM_HIST$DEFAULTVIEW(1.0),26/02/15 23:00:00,A,NR,NO,2000,306526,
ESTAT:CRIM_HIST$DEFAULTVIEW(1.0),26/02/15 23:00:00,A,NR,PL,1991,866095,
ESTAT:CRIM_HIST$DEFAULTVIEW(1.0),26/02/15 23:00:00,A,NR,PL,1992,881076,
ESTAT:CRIM_HIST$DEFAULTVIEW(1.0),26/02/15 23:00:00,A,NR,PL,1993,852507,
ESTAT:CRIM_HIST$DEFAULTVIEW(1.0),26/02/15 23:00:00,A,NR,PL,1994,906157,
ESTAT:CRIM_HIST$DEFAULTVIEW(1.0),26/02/15 23:00:00,A,NR,PL,1995,974941,
ESTAT:CRIM_HIST$DEFAULTVIEW(1.0),26/02/15 23:00:00,A,NR,PL,1996,897751,
ESTAT:CRIM_HIST$DEFAULTVIEW(1.0),26/02/15 23:00:00,A,NR,PL,1997,992373,
ESTAT:CRIM_HIST$DEFAULTVIEW(1.0),26/02/15 23:00:00,A,NR,PL,1998,1073042,
ESTAT:CRIM_HIST$DEFAULTVIEW(1.0),26/02/15 23:00:00,A,NR,PL,1999,1121545,
ESTAT:CRIM_HIST$DEFAULTVIEW(1.0),26/02/15 23:00:00,A,NR,PL,2000,1266910,
ESTAT:CRIM_HIST$DEFAULTVIEW(1.0),26/02/15 23:00:00,A,NR,PT,1993,307333,
ESTAT:CRIM_HIST$DEFAULTVIEW(1.0),26/02/15 23:00:00,A,NR,PT,1994,332228,
ESTAT:CRIM_HIST$DEFAULTVIEW(1.0),26/02/15 23:00:00,A,NR,PT,1995,326829,
ESTAT:CRIM_HIST$DEFAULTVIEW(1.0),26/02/15 23:00:00,A,NR,PT,1996,322255,
ESTAT:CRIM_HIST$DEFAULTVIEW(1.0),26/02/15 23:00:00,A,NR,PT,1997,321644,
ESTAT:CRIM_HIST$DEFAULTVIEW(1.0),26/02/15 23:00:00,A,NR,PT,1998,341122,
ESTAT:CRIM_HIST$DEFAULTVIEW(1.0),26/02/15 23:00:00,A,NR,PT,1999,362589,
ESTAT:CRIM_HIST$DEFAULTVIEW(1.0),26/02/15 23:00:00,A,NR,PT,2000,363294,
ESTAT:CRIM_HIST$DEFAULTVIEW(1.0),26/02/15 23:00:00,A,NR,RO,1991,139290,
ESTAT:CRIM_HIST$DEFAULTVIEW(1.0),26/02/15 23:00:00,A,NR,RO,1992,144750,
ESTAT:CRIM_HIST$DEFAULTVIEW(1.0),26/02/15 23:00:00,A,NR,RO,1993,219487,
ESTAT:CRIM_HIST$DEFAULTVIEW(1.0),26/02/15 23:00:00,A,NR,RO,1994,237004,
ESTAT:CRIM_HIST$DEFAULTVIEW(1.0),26/02/15 23:00:00,A,NR,RO,1995,297046,
ESTAT:CRIM_HIST$DEFAULTVIEW(1.0),26/02/15 23:00:00,A,NR,RO,1996,321651,
ESTAT:CRIM_HIST$DEFAULTVIEW(1.0),26/02/15 23:00:00,A,NR,RO,1997,361061,
ESTAT:CRIM_HIST$DEFAULTVIEW(1.0),26/02/15 23:00:00,A,NR,RO,1998,399105,
ESTAT:CRIM_HIST$DEFAULTVIEW(1.0),26/02/15 23:00:00,A,NR,RO,1999,363690,
ESTAT:CRIM_HIST$DEFAULTVIEW(1.0),26/02/15 23:00:00,A,NR,RO,2000,353745,
ESTAT:CRIM_HIST$DEFAULTVIEW(1.0),26/02/15 23:00:00,A,NR,RS,2000,106020,
ESTAT:CRIM_HIST$DEFAULTVIEW(1.0),26/02/15 23:00:00,A,NR,SE,1991,1199101,
ESTAT:CRIM_HIST$DEFAULTVIEW(1.0),26/02/15 23:00:00,A,NR,SE,1992,1195154,
ESTAT:CRIM_HIST$DEFAULTVIEW(1.0),26/02/15 23:00:00,A,NR,SE,1993,1191251,
ESTAT:CRIM_HIST$DEFAULTVIEW(1.0),26/02/15 23:00:00,A,NR,SE,1994,1112505,
ESTAT:CRIM_HIST$DEFAULTVIEW(1.0),26/02/15 23:00:00,A,NR,SE,1995,1145945,
ESTAT:CRIM_HIST$DEFAULTVIEW(1.0),26/02/15 23:00:00,A,NR,SE,1996,1175339,
ESTAT:CRIM_HIST$DEFAULTVIEW(1.0),26/02/15 23:00:00,A,NR,SE,1997,1196065,
ESTAT:CRIM_HIST$DEFAULTVIEW(1.0),26/02/15 23:00:00,A,NR,SE,1998,1181056,
ESTAT:CRIM_HIST$DEFAULTVIEW(1.0),26/02/15 23:00:00,A,NR,SE,1999,1194171,
ESTAT:CRIM_HIST$DEFAULTVIEW(1.0),26/02/15 23:00:00,A,NR,SE,2000,1214968,
ESTAT:CRIM_HIST$DEFAULTVIEW(1.0),26/02/15 23:00:00,A,NR,SI,1991,42250,
ESTAT:CRIM_HIST$DEFAULTVIEW(1.0),26/02/15 23:00:00,A,NR,SI,1992,54085,
ESTAT:CRIM_HIST$DEFAULTVIEW(1.0),26/02/15 23:00:00,A,NR,SI,1993,44278,
ESTAT:CRIM_HIST$DEFAULTVIEW(1.0),26/02/15 23:00:00,A,NR,SI,1994,43635,
ESTAT:CRIM_HIST$DEFAULTVIEW(1.0),26/02/15 23:00:00,A,NR,SI,1995,38178,
ESTAT:CRIM_HIST$DEFAULTVIEW(1.0),26/02/15 23:00:00,A,NR,SI,1996,36587,
ESTAT:CRIM_HIST$DEFAULTVIEW(1.0),26/02/15 23:00:00,A,NR,SI,1997,37173,
ESTAT:CRIM_HIST$DEFAULTVIEW(1.0),26/02/15 23:00:00,A,NR,SI,1998,55259,
ESTAT:CRIM_HIST$DEFAULTVIEW(1.0),26/02/15 23:00:00,A,NR,SI,1999,61693,
ESTAT:CRIM_HIST$DEFAULTVIEW(1.0),26/02/15 23:00:00,A,NR,SI,2000,67618,
ESTAT:CRIM_HIST$DEFAULTVIEW(1.0),26/02/15 23:00:00,A,NR,SK,1991,88157,
ESTAT:CRIM_HIST$DEFAULTVIEW(1.0),26/02/15 23:00:00,A,NR,SK,1992,105060,
ESTAT:CRIM_HIST$DEFAULTVIEW(1.0),26/02/15 23:00:00,A,NR,SK,1993,146125,
ESTAT:CRIM_HIST$DEFAULTVIEW(1.0),26/02/15 23:00:00,A,NR,SK,1994,137713,
ESTAT:CRIM_HIST$DEFAULTVIEW(1.0),26/02/15 23:00:00,A,NR,SK,1995,114579,
ESTAT:CRIM_HIST$DEFAULTVIEW(1.0),26/02/15 23:00:00,A,NR,SK,1996,99402,
ESTAT:CRIM_HIST$DEFAULTVIEW(1.0),26/02/15 23:00:00,A,NR,SK,1997,92395,
ESTAT:CRIM_HIST$DEFAULTVIEW(1.0),26/02/15 23:00:00,A,NR,SK,1998,93895,
ESTAT:CRIM_HIST$DEFAULTVIEW(1.0),26/02/15 23:00:00,A,NR,SK,1999,94016,
ESTAT:CRIM_HIST$DEFAULTVIEW(1.0),26/02/15 23:00:00,A,NR,SK,2000,88817,
ESTAT:CRIM_HIST$DEFAULTVIEW(1.0),26/02/15 23:00:00,A,NR,TR,1991,25908,
ESTAT:CRIM_HIST$DEFAULTVIEW(1.0),26/02/15 23:00:00,A,NR,TR,1992,25765,
ESTAT:CRIM_HIST$DEFAULTVIEW(1.0),26/02/15 23:00:00,A,NR,TR,1993,30482,
ESTAT:CRIM_HIST$DEFAULTVIEW(1.0),26/02/15 23:00:00,A,NR,TR,1994,36593,
ESTAT:CRIM_HIST$DEFAULTVIEW(1.0),26/02/15 23:00:00,A,NR,TR,1995,279001,
ESTAT:CRIM_HIST$DEFAULTVIEW(1.0),26/02/15 23:00:00,A,NR,TR,1996,344395,
ESTAT:CRIM_HIST$DEFAULTVIEW(1.0),26/02/15 23:00:00,A,NR,TR,1997,356677,
ESTAT:CRIM_HIST$DEFAULTVIEW(1.0),26/02/15 23:00:00,A,NR,TR,1998,357311,
ESTAT:CRIM_HIST$DEFAULTVIEW(1.0),26/02/15 23:00:00,A,NR,TR,1999,338606,
ESTAT:CRIM_HIST$DEFAULTVIEW(1.0),26/02/15 23:00:00,A,NR,TR,2000,337079,
ESTAT:CRIM_HIST$DEFAULTVIEW(1.0),26/02/15 23:00:00,A,NR,UKC-L,1991,5276173,
ESTAT:CRIM_HIST$DEFAULTVIEW(1.0),26/02/15 23:00:00,A,NR,UKC-L,1992,5591717,
ESTAT:CRIM_HIST$DEFAULTVIEW(1.0),26/02/15 23:00:00,A,NR,UKC-L,1993,5526255,
ESTAT:CRIM_HIST$DEFAULTVIEW(1.0),26/02/15 23:00:00,A,NR,UKC-L,1994,5146383,
ESTAT:CRIM_HIST$DEFAULTVIEW(1.0),26/02/15 23:00:00,A,NR,UKC-L,1995,5100241,
ESTAT:CRIM_HIST$DEFAULTVIEW(1.0),26/02/15 23:00:00,A,NR,UKC-L,1996,5036552,
ESTAT:CRIM_HIST$DEFAULTVIEW(1.0),26/02/15 23:00:00,A,NR,UKC-L,1997,4600324,
ESTAT:CRIM_HIST$DEFAULTVIEW(1.0),26/02/15 23:00:00,A,NR,UKC-L,1998,5105764,
ESTAT:CRIM_HIST$DEFAULTVIEW(1.0),26/02/15 23:00:00,A,NR,UKC-L,1999,5298044,
ESTAT:CRIM_HIST$DEFAULTVIEW(1.0),26/02/15 23:00:00,A,NR,UKC-L,2000,5167312,
ESTAT:CRIM_HIST$DEFAULTVIEW(1.0),26/02/15 23:00:00,A,NR,UKM,1991,572921,
ESTAT:CRIM_HIST$DEFAULTVIEW(1.0),26/02/15 23:00:00,A,NR,UKM,1992,564890,
ESTAT:CRIM_HIST$DEFAULTVIEW(1.0),26/02/15 23:00:00,A,NR,UKM,1993,517247,
ESTAT:CRIM_HIST$DEFAULTVIEW(1.0),26/02/15 23:00:00,A,NR,UKM,1994,500110,
ESTAT:CRIM_HIST$DEFAULTVIEW(1.0),26/02/15 23:00:00,A,NR,UKM,1995,475697,
ESTAT:CRIM_HIST$DEFAULTVIEW(1.0),26/02/15 23:00:00,A,NR,UKM,1996,451956,
ESTAT:CRIM_HIST$DEFAULTVIEW(1.0),26/02/15 23:00:00,A,NR,UKM,1997,420642,
ESTAT:CRIM_HIST$DEFAULTVIEW(1.0),26/02/15 23:00:00,A,NR,UKM,1998,431551,
ESTAT:CRIM_HIST$DEFAULTVIEW(1.0),26/02/15 23:00:00,A,NR,UKM,1999,435703,
ESTAT:CRIM_HIST$DEFAULTVIEW(1.0),26/02/15 23:00:00,A,NR,UKM,2000,423172,
ESTAT:CRIM_HIST$DEFAULTVIEW(1.0),26/02/15 23:00:00,A,NR,UKN,1991,63492,
ESTAT:CRIM_HIST$DEFAULTVIEW(1.0),26/02/15 23:00:00,A,NR,UKN,1992,67532,
ESTAT:CRIM_HIST$DEFAULTVIEW(1.0),26/02/15 23:00:00,A,NR,UKN,1993,66228,
ESTAT:CRIM_HIST$DEFAULTVIEW(1.0),26/02/15 23:00:00,A,NR,UKN,1994,67886,
ESTAT:CRIM_HIST$DEFAULTVIEW(1.0),26/02/15 23:00:00,A,NR,UKN,1995,68808,
ESTAT:CRIM_HIST$DEFAULTVIEW(1.0),26/02/15 23:00:00,A,NR,UKN,1996,68549,
ESTAT:CRIM_HIST$DEFAULTVIEW(1.0),26/02/15 23:00:00,A,NR,UKN,1997,62222,
ESTAT:CRIM_HIST$DEFAULTVIEW(1.0),26/02/15 23:00:00,A,NR,UKN,1998,109053,
ESTAT:CRIM_HIST$DEFAULTVIEW(1.0),26/02/15 23:00:00,A,NR,UKN,1999,119111,
ESTAT:CRIM_HIST$DEFAULTVIEW(1.0),26/02/15 23:00:00,A,NR,UKN,2000,119912,
